location_label,description,charger_type
Fiesta Americana Aguascalientes,"Calle Los Laureles S/N Las Flores, Aguascalientes, AGU 20020",charger
Fiesta Inn Aguascalientes,"Calle Mahatma Gandhi #302 Sur Prados de Villasuncion, Desarrollo Especial Villa Asunci├│n,, Aguascalientes, AGU 20280",charger
One Aguascalientes San Marcos,"Los Laureles No. 404 Fracc. Las Flores, Aguascalientes., AGU 20220",charger
Adobe Guadalupe,"Parcela A-1 s/n Rusa de Guadalupe, Ensenada, Baja California 22750",charger
Bajamar,"Ensenada, Carretera Tijuana - Ensenada Km. 77.5 Bajamar, Ensenada, Baja California 22760",charger
Bruma Valle de Guadalupe,"Carretera Tecate Ensenada Km. 74 Valle de Guadalupe, Ensenada, Baja California 22760",charger
Cantina Hussong's,"Av. Ruiz #113 Zona Centro, Ensenada, Baja California 22800",charger
Casa de Piedra Vinicola,"Carretera Ensenada Tecate Kilometro 93.5 San Antonio de las Minas, Ensenada, Baja California 22761",charger
Cuatro Cuatros,"El Tigre , Carretera libre Tijuana-Ensenada Km. 89 El Sauzal de Rodriguez, Ensenada, Baja California 22760",charger
Santuario Diegueño,"798 Río Yaqui, Tecate, Baja California 21420",charger
Encuentro Guadalaupe,"Carretera Tecate- Ensenada Km. 75 Valle de Guadalupe, Ensenada, Baja California 22750",charger
Entre Santos Bodegas de Santo Tomas,"Carretera Ensenada - Tecate Km. 94 San Antonio de las Minas, Ensenada, Baja California 22800",charger
Estero Beach,"Calle Playas del Estero S/N Ex-Ejido Chapultepec, Ensenada, Baja California 22785 Ensenada",charger
Fiesta Inn Mexicali,"Calzada Adolfo Lopez Mateos 1029 Industrial Centro Civico, Mexicali, Baja California 21000",charger
Fiesta Inn Tijuana Otay Aeropuerto,"Rampa Aeropuerto 16000 La Pechuga, Tijuana, Baja California 22000",charger
Gamma by Fiesta Inn Tijuana,"Blvd. Tijuana 17226 Col. Otay Constituyentes, Tijuana, Baja California 22457",charger
Gran Via Mexicali,"Calzada Cetys Manuel Gomez Morin, Mexicali, Baja California 21254",charger
Holiday Inn Ensenada,"Blancarte No. 151 Col. Centro, Ensenada, Baja California 22800",charger
Hotel Coral & Marina,"Carretera Tijuana-Ensenada Km.103 #3421 Zona Playitas, Ensenada, Baja California 22860",charger
Hotel Las Rosas & Spa,"Carretera Tijuana - Ensenada Km 105. 5 El Sauzal, Ensenada, Baja California 22760",charger
Hotel Pueblo Amigo,"9211 Via Oriente Zona del Rio, Tijuana, Baja California 22320",charger
Hotel Punta Morro,"Carretera Tijuana-Ensenada Km. 106, Ensenada, Baja California 22870",charger
Hyatt Place Tijuana,"10488 Blvd. Agua Caliente 10488, Colonia Aviación, Tijuana, Baja California 22014",charger
Jaz-Baja,"Camino Vecinal sin nombre, fracc. 6B de la fracc. 5 L9 sn El Porvenir, Ensenada, Baja California 22755",charger
La Cabana Del Abuelo,"Tijuana-Mexicali Km. 71.5, La Rumorosa, Baja California 21505",charger
Las Nubes Bodegas y Vinedos,"Callejon Emiliano Zapata Ejido el Porvenir, Valle de Guadalupe, Baja California 22750",charger
Malva Restaurante,"Km 96 carretera Ens Tecate, San Antonio De Las Minas, Baja California 22755",charger
Marina Puerto Salina,"Autopista Tijuana Ensenada KM 73 Abelardo L. Rodriguez, Ensenada, Baja California 22765",charger
Marina San Felipe,"Carretera San Felipe km 4.5 Fondeport, San Felipe, Baja California 21850",charger
Mision Catavina,"Carretera Transpeninsular 179 Conjunto Residencial Catavina, Catavina, Baja California 22965",charger
Mision Santa Maria,"Camino Playa Santa Maria S/N San Quintin, Ensenada, Baja California 22930",charger
Monte Xanic Bodega Vini-cola,"Calle Francisco Zarco S/N Col. Valle de Guadalupe, Ensenada, Baja California 22785",charger
Plaza Paseo la Paz,"Libramiento Sur Daniel Roldan No. 1515 Int. A-1 San Antonio El Zacatal, La Paz, Baja California 23090",charger
Restaurante Heidelberg,"Ave. Fco. I. Madero y Calle H S/N Nueva, Mexicali, Baja California 21100",charger
Rosarito Beach Hotel,"Blvd. Benito Juarez 31 Col Centro, Rosarito, Baja California 22710",charger
Sheraton Los Cabos,"Corredor Turistico Km. 10 Lote D Cabo del Sol, Cabo San Lucas, Baja California 23410",charger
Shimul,"Rancho Pet'ay, Valle de Guadalupe, Baja California 22750",charger
Villa del Valle - Valle de Guadalupe,"Rancho San Marcos Toros Pintos S/N Km 88.300 Francisco Zarco, Ensenada,, Baja California 22750",charger
Vinas de Garza,"Carretera Tecate - Ensenada Km 87 Valle de Guadalupe, Ensenada, Baja California 22650",charger
Vinicola Decantos,"Rancho San Miguel Fraccion A, S/N Ejido El Porvenir, Ensenada, Baja California 22755",charger
Grand Fiesta Americana Los Cabos All Inclusive Golf,"Km 10.3, Carr. Transpeninsular Cabo del Sol, Los Cabos, BCS 23410",charger
Hotel Cuesta Real,"Carret Transpeninsular Km. 132 Las Huertas, Mulege, BCS 23880 Mulege",charger
Hotel Doce Ballenas,"Blvd Benito Juarez esq/ Belisario Dom├¡nguez Centro, Ciudad Insurgentes, Baja California Sur 23700",charger
Hotel La Huerta,"34 Profesor Valdivia, San Ignacio, BCS 23930",charger
Hotel One la Paz,"Nicolas Bravo No.590 Esq. Ignacio Altamirano Zona Central, La Paz, BCS 23000",charger
Hotel Plaza Loreto,"Av. Miguel Hidalgo 2 Col. Centro, Loreto, BCS 23880",charger
Hotel Terrasal,"Blvd.Emiliano Zapata s/n Col. Fundo Legal, Guerrero Negro, BCS 23940",charger
Maria de Nadie Hotel Boutique,"Belisario Dominguez entre Rosaura Zapata e Ignacio Zaragoza, Cd Constitucion, BCS 23600",charger
Paseo Esperanza,"Carretera Transpeninsular Km. 25 Cerro Colorado, San Jose del Cabo, BCS 23400",charger
Patio Plaza Los Cabos,"Carr. Todos Santos - Los Cabos Los Aguajitos, Cabo San Lucas, BCS 23473",charger
Plaza Patio San Jose,"Calle Valerio Gonzalez 137 Campo de Golf Fonatur, Cabo San Lucas, BCS 23400",charger
Solaz Los Cabos,"Corredor Turistico s/n, Km 18.5 Cabo Real, San Jose del Cabo, BCS 23405",charger
Viceroy Los Cabos,"Paseo Malecon San Jose Lote 8 Zona Hotelera, San Jos├⌐ del Cabo, BCS 23400",charger
Villa del Palmar at The Islands of Loreto,"m. 84 Calle Carretera Transpeninsular Ensenada Blanca, Loreto, BCS 23880",charger
Walmart Plateros,"Blvd. Adolfo Lopez Mateos 1701 Lomas de Plateros, Ciudad de Mexico, Benito Juarez 1480",charger
Fiesta Inn Ciudad del Carmen,"Av. Periferico Norte s/n Parque Alameda, Colonia Centro, Ciudad del Carmen, CAM 24170",charger
Fiesta Inn Loft Ciudad del Carmen,"Avenida Luis Donaldo Colosio Esq Calle 20 S/N Miguel de la Madrid, Ciudad del Carmen, CAM 24130",charger
Gamma Campeche Malecon,"Av. Ruiz Cortines No. 51 Col. Centro, Campeche, CAM 24000",charger
Fiesta Inn Tuxtla Gutierrez,"Av. Prolongacion Anillo Circunvalacion Sur 248 Santa Elena, Tuxtla Gutierrez, CHP 29060",charger
Hilton Garden Inn Tuxtla Gutierrez,"Blvd. Belisario Dominguez 1641 Jardines de Tuxtla, Tuxtla Gutierrez, CHP 29020",charger
Hotel San Francisco,"Calle Central Sur Oriente 94 Centro, 16 de Septiembre, Tapachula de Cordova y Ordonez, CHP 30700",charger
Alsuper Freshmarket Santa Fe,"Periferico de La Juventud 990 Haciendas Sta Fe, Chihuahua, CHH 31215",charger
Courtyard by Marriot Chihuahua,"Via Lombardia 5702, Plaza Citadela D1 Col. Saucito, Chihuahua, CHH 31110",charger
Courtyard by Marriott Juarezz,"Mision de los Lagos 9020 Partido Iglesias, Ciudad Juarez, CHH 32668",charger
Edificio Corporativo Vetro D1,"Av. de la Juventud Insurgentes II, Chihuahua, CHH 31207",charger
Fiesta Inn Chihuahua,"Boulevard Antonio Ortiz Mena 2801 Quintas del Sol, Chihuahua, CHH 31250",charger
Fiesta Inn Ciudad Juarez,"Paseo Triunfo de la Republica 3451 Circuito Pronaf, Cd Juarez, CHH 32315",charger
Plaza 3106,"Periferico de la Juventud 3102 Puerta de Hierro, Chihuahua, CHH 31215",charger
Plaza Barrancas,"Bulevar Tomas Fernandez 9050 Campos El iseos, Cd Juarez, CHH 32470",charger
Plaza Cantabria,"Av. Paseo Triunfo de la Republica 5854 Sicomoros, Cd Juarez, CHH 32349",charger
The Lofts,"Avenida de la Juventud 5700 Saucito, Chihuahua, CHH 31110",charger
AC hotel by Marriott Santa Fe,"Juan Salvador Agraz 130 Lomas de Santa Fe, Contadero, Cuajimalpa, CMX 5348",charger
Altezza Palmas,"Av. Paseo de las Palmas 340 Lomas - Virreyes, Lomas de Chapultepec V Secc, Miguel Hidalgo, CMX 11000",charger
Cafe O Lomas,"Calle Monte L├¡bano #245 Lomas de Chapultepec V Secc, Miguel Hidalgo, CMX 11000",charger
Centro Comercial Mundo E,"Manuel Avila Camacho 1007 San Lucas Tepetlacalco, Tlalnepantla, CMX 54055",charger
Centro Dinßmico Pegaso,"Carretera Toluca Naucalpan km 52.5 San Mateo Otzacatipan, Toluca de Lerdo, CMX 50220",charger
Cervantes 169,"Blvd. Miguel de Cervantes Saavedra 169 Granada, Miguel Hidalgo, CMX 11520",charger
Cipriani Polanco,"Presidente Masaryk 311 Polanco, Miguel Hidalgo, CMX 11550",charger
City Express Ciudad de Mexico Buenavista,"Insurgentes Nte. 226 Santa Maria la Ribera, Ciudad de Mexico, CMX 6400",charger
Club de Golf Mexico,"Glorieta Sur 64 San Buenaventura, Xochimilco, CMX 14620",charger
Club Deportivo Chapultepec,"Calz. Gral. Mariano Escobedo 665 Polanco, Bosque de Chapultepec I Secc,, Miguel Hdalgo, CMX 11590",charger
COPEMSA Bajio,"Bajio No. 322 Esq. Chilpancingo Roma Sur, Cuauhtemoc, CMX 8760",charger
COPEMSA Colegio M├⌐xico,"Carretera Picacho Ajusco s/n Jardines de la montana, Tlalpan, CMX 14738",charger
COPEMSA Etiopia,"Anaxagoras No. 302 Esq. con Morena. Narvarte, Benito Juarez, CMX 11550",charger
COPEMSA Gran Plaza,"Palma Norte No. 37 Centro Historico, Cuauhtemoc, CMX 6000",charger
COPEMSA San Juan,"Aranda No.10 Esq. Ayuntamiento Centro, Cuauhtemoc, CMX 6760",charger
COPEMSA Tolstoi,"Mariano Escobedo No. 726 Esq. Leon Tolstoi Nueva Anzures, Miguel Hidalgo, CMX 11590",charger
COPEMSA Vizcainas,"Plaza de las Vizcainas s/n Eje Central Lazaro Cardena, Cuauhtemoc, CMX 6010",charger
Corporativo Lomas Cantabria A.C.,"Cerrada de Palomas 22 Reforma Social, Miguel Hidalgo, CMX 11650",charger
Courtyard Mexico City Airport,"Sinaloa 31 Pe├▒├│n de los Ba├▒os, Venunstiano Carranza, CMX 15520",charger
Crater 823,"Crater 823 Jardines del Pedregal, Alvaro Obregon, CMX 1900",charger
Downtown Santa Fe,"Av. Santa Fe 428 H2O Zedec Santa Fe., Cuajimalpa, CMX 5349",charger
Fiesta Americana Grand Chapultepec,"Av. Mariano Escobedo #756 Anzures, Miguel Hidalgo, CMX 11590",charger
Fiesta Americana Reforma,"Paseo de la Reforma 80 Juarez, Cuauhtemoc, CMX 6600",charger
Fiesta Inn Insurgentes Viaducto,"Av. Insurgentes Sur 553 Escandon I Secc, Benito Juarez, CMX 11800",charger
Fiesta Inn Periferico Sur,"Periferico Sur #5530 Col. Pedregal de Carrasco, Coyoacan, CMX 4700",charger
Fiesta Inn Plaza Central Aeropuerto,"Calle Canal Rio Churubusco 1635 Central de Abasto, Iztapalapa, CMX 9040",charger
"Four Seasons Hotel Mexico, D.F.","Paseo de la Reforma 500 Juarez, Cuauhtemoc, CMX 6600",charger
German Center,"Av Sta Fe 170 Zedec Sta Fe, Alvaro Obregon, CMX 1219",charger
Gran Sur,"Periferico Sur 5550, Pedregal de Carrasco El Caracol, Coyoacan, CMX 4700",charger
Holiday Inn Churubusco,"Rio Churubusco 253 Col. Granjas Mexico, Iztacalco, CMX 8400",charger
Hotel Galeria Plaza Reforma,"Hamburgo 195 Colonia Juarez, Cuauhtemoc, CMX 6600",charger
Hotel W,"Campos El├¡seos 252 Polanco, Polanco IV Secc,, Deleg. Miguel Hidalgo, CMX 11560",charger
InterContinental Presidente Santa Fe Mexico,"Juan Salvador Agraz 97 Ave Real, Santa Fe, CMX 5300",charger
La Cocina el Tras,"Carretera Federal Mexico - Toluca 2685 Palo Alto, Cuajimalpa de Morelos, CMX 5110",charger
Live Aqua Bosques Mexico,"Av. No. Col., Paseo de Los Tamarindos 98 Bosque de las Lomas, Cuajimalpa, CMX 5120",charger
Liverpool Polanco,"Mariano Escobedo 425 Polanco, Miguel Hidalgo, CMX 11570",charger
Manacar,"Avenida de los Insurgentes Sur 1457 Insurgentes Mixcoac, Benito Ju├írez, CMX 3230",charger
Montes Urales 770,"Montes Urales 770 Lomas de Chapultepec, Miguel Hidalgo, CMX 11000",charger
Pabellon Cuauhtemoc,"Antonio Manuel Anza No. 20 Roma Sur, Cuauhtemoc, CMX 6700",charger
Palacio de Hierro Polanco,"222 Av. Moliere Polanco, Polanco II Secc,, Miguel Hidalgo, CMX 11570",charger
Parque La Mexicana,"Lomas de Santa Fe Contadero, Alvaro Obregon, CMX 1219",charger
Patio Claveria,"Calle Egipto 142 Claveria, Azcapotzalco, CMX 2080",charger
Plaza Altavista,"Av. Altavista 147, Alvaro Obregon, CMX 1060",charger
Plaza Insurgentes,"San Luis Potosi 214 Roma Nte, Cuauhtemoc, CMX 6700",charger
Plaza Zapamundi,"Avenida Canal de Miramontes 2600-2640 Ciruelos, Coyoacan, CMX 4830",charger
Presidente InterContinental Polanco,"Campos Eliseos 218, Col. Chapultepec Polanco, Polanco IV Secc, Miguel Hidalgo, CMX 11560",charger
Qubica Lomas,"Volcan 150, Lomas - Virreyes Lomas de Chapultepec V Secc, Miguel Hidalgo, CMX 11000",charger
Samara Santa Fe,"Calle Antonio Dovali Jaime, 70 Zedec Santa Fe, Alvaro Obregon, CMX 1219",charger
Sanborn's Barranca del Muerto,"Av. Barranca del Muerto 479 Merced G├│mez, ├ülvaro Obreg├│n, CMX 1600",charger
Sanborn's Colonia del Valle,"Av de los Insurgentes Sur 882 Colonia Del Valle, Benito Juarez, CMX 3810",charger
Sanborn's Fuentes Brotantes,"Av. Insurgentes Sur 3996 La Joya, Tlalpan, CMX 6170",charger
Sanborn's Las Aguilas,"Calz. de las Aguilas 1350 Col. Puente Colorado, Alvaro Obregon, CMX 1730",charger
Sanborn's Masaryk,"Hegel 345 Chapultepec Morales, Miguel Hidalgo, CMX 11570",charger
Sanborn's Palmas,"Paseo de Las Palmas 781 Lomas de Chapultepec V Secc, Miguel Hidalgo, CMX 11560",charger
Sanborn's San Antonio,"Av Insurgentes Sur 688 Col del Valle Nte, Benito Juarez, CMX 3810",charger
Sanborn's Tacubaya,"Jose Vasconcelos 106 San Miguel Chapultepec, Miguel Hidalgo, CMX 11850",charger
Sanborn's Taxquena,"Av. Miguel Angel de Quevedo 1030 Parque San Andres, Coyoacan, CMX 4040",charger
Sanborn's Villa de Cortes,"Calzada de Tlalpan 744 La Moderna, Benito Juarez, CMX 3150",charger
Sanborn's Xochimilco,"Guadalupe I. Ramirez 318 Tepepan San Marcos, Xochimilco, CMX 16050",charger
Sanborn's Xola,"Avenida Xola 1856 Narvarte, Benito Juarez, CMX 3020",charger
Santa Fe Hills,"Av. Vasco de Quiroga 4299 Loma de San Pedro, Ciudad de M├⌐xico, CMX 5370",charger
Sheraton Four Points Roma CDMX,"Av. Alvaro Obregon 38, Roma Nte, Cuauhtemoc, CMX 6700",charger
Sheraton Mexico City Maria Isabel,"325 Paseo de la Reforma Juarez, Cuauhtemoc, CMX 6500",charger
Sheraton Santa Fe Mexico City,"200 Guillermo Gonzalez Camarena, Alvaro Obregon, CMX 1210",charger
Sinaloa 195,"Sinaloa 195 Roma Nte, Cuauhtemoc, CMX 6700",charger
Sir Winston Churchill's,"Perif. Blvd. Manuel Avila Camacho 67 Polanco, Lomas de Chapultepec III Secc, Miguel Hidalgo, CMX 11560",charger
St. Regis Mexico City,"439 Paseo de la Reforma, Cuauhtemoc, CMX 6500",charger
Terraza Pedregal,"Anillo Perif. Blvd. Adolfo Lopez Mateos 4132 Jardines del Pedregal, Cuauhtemoc, CMX 1900",charger
Torre Carso Palmas,"Av. Paseo de las Palmas 781 Lomas de Chapultepec V Secc, Miguel Hidalgo, CMX 11560",charger
Torre Optima,"Paseo de las Palmas 405 Lomas de Chapultepec V Secc, Miguel Hidalgo, CMX 11000",charger
Torre Optima 3,"Av. Paseo de las Palmas 425 Lomas de Chapultepec V Secc, Miguel Hidalgo, CMX 11000",charger
Torre Optima II,"Avenida de las Palmas 275 Lomas de Chapultepec V Secc, Miguel Hidalgo, CMX 11000",charger
Torre Reforma,"Paseo de La Reforma 483, Cuauhtemoc, CMX 6500",charger
Torre Reforma 115,"Paseo de La Reforma 115 Lomas de Chapultepec V Secc, Miguel Hidalgo, CMX 11000",charger
Total - Consulado,"Av. Rio Consulado 2884 Pensador Mexicano, Gustavo A madero, CMX 15510",charger
Walmart Miramontes,"Av. H. Escuela Naval Militar 753 Cipreses, Ciudad de Mexico, CMX 4890",charger
AlSuper Freshmarket San Patricio,"Blvd. Eulaliio Gutierrez Trevino 1890 Fracc. San Patricio, Saltillo, Coahuila",charger
Bosques de Monterreal,"25350 Arteaga, Coah. Carretera San Antonio de las Alazanas (Coahuila 112) Km 32 s/n, Santa Anita del Penasco, Arteaga, Coahuila 25350",charger
Centro Gastronomico il Mercato,"Blvd. Galerias 375 Los Parques, Saltillo, Coahuila 25279",charger
City Express Saltillo Norte,"Perif. Luis Echeverr├¡a 1630 Col 16, Saltillo, Coahuila 25280",charger
Edden Torre 1,"Boulevard Galerias 375-1 Col Parque Centro 16, Saltillo, Coahuila 25279",charger
Edificio de Salud Integral Maria Parque Centro,"Blvd. Galerias Los Parques, Saltillo, Coahuila 25279",charger
Fiesta Inn Monclova,"Blvd. Harold R. Pape 1909 Fraccionamiento La Salle, Monclova, Coahuila 25730",charger
Fiesta Inn Saltillo,"Carretera Saltillo - Monterrey No.6607 Zona Industrial, Saltillo, Coahuila 25270",charger
Gamma Torreon,"Calz. Jose Vasconcelos # 1935 Col. Residencial Tecnologico, Torreon, Coahuila 27272",charger
Hotel Best Western Go Inn Monclova,"Blvd Harold R. Pape 612 Centro, Monclova, Coahuila 25700",charger
Hotel City Torreon,"Periferico Raul Lopez Sanchez 5500 Residencial el Fresno, Torre├│n, Coahuila 27018",charger
Hotel Mision Torreon,"Calz Paseo de la Rosita 910 Fracc. de la Rosita, Torre├│n, Coahuila 27250",charger
Hotel One Monclova,"Av. La Salle #1909 Fracc. Jard├¡nes de la Salle,, Monclova, Coahuila 25720",charger
Hotel Rincón del Montero,"KM 3 Carretera Parras-Paila Km. 3, Parras de la Fuente, Coahuila 27980",charger
Nicanor,"Blvd. Independencia 2295 Local 17 Piso 2 San Isidro,, Torreon, Coahuila 27100",charger
Plaza Cuatro Caminos,"Blvd. Independencia 1300 Navarro, Torre├│n, Coahuila 27010",charger
Santa Fe Multigas,"Blvd. Republica Ampliacion 1922 Col. Tecnologico, Piedras Negras, Coahuila 26080",charger
Fiesta Inn Colima,"Prolongacion Camino Real 1101 El Diezmo, Colima, COL 28010",charger
Grand Isla Navidad Resort,"Circuito de los Marinos S/N Fraccionamiento Isla Navidad Manzanillo,, Colima, COL 28838",charger
Hotel Mision Colima,"Blvd. Camino Real No. 999 Col. El Diezmo, Colima, COL 28010",charger
Las Hadas by Brisas,"Av. Vista Hermosa y Av. de los Riscos S/N Pen├¡nsula de Santiago, Manzanillo, COL 28667",charger
Wyndham Garden Hotels Colima,"1100, Lat. Tercera Anillo Periferico Residencial Esmeralda Nte, Colima, COL 28010",charger
Zentralia Colima,"Paseo Miguel de la Madrid Hurtado 301 Valle Dorado, Colima, COL 28018",charger
Plaza Cuicuilco,"Av Insurgentes Sur 3500 Pena Pobre, Manantial Pena Pobre, Tlalpan, CMX 14060",charger
City Express Durango,"Blvrd Francisco Villa 4021 20 de Noviembre, Durango, DUR 34234",charger
Fiesta Inn Durango,"Avenida Felipe Pescador 1401 Esperanza, Durango, DUR 34080",charger
Hampton Inn Durango,"Av. Heroico Colegio Militar 101 Nueva Vizcaya, Durango, DUR 34080",charger
Hotel Gobernador,"Oriente, Av 20 de Noviembre 257 Zona Centro, Durango, DUR 34000",charger
Hotel Mision Express Durango,"Blvrd Francisco Villa 4301 20 de Noviembre, Durango, DUR 34208",charger
Town Square Metepec,"Calle Miguel Hidalgo 682 Residencial la Providencia, Providencia, MEX 52177",charger
Andaro Valle de Bravo,"Av. Del Carmen Lote 4 Fracc 33 Avandaro, Valle de Bravo, MEX 51200",charger
BeGrand Park Bosques,"Blvd. Palmas Hills S/N Col. Hacienda de las Palmas, Huixquilucan, MEX 52763",charger
Bosque Real,"Carretera Mexico Huixquilucan No.180 Bosque Real, Naucalpan de Juarez, MEX 52770",charger
Centro Comercial El Triangulo,"Av. de los Bosques 128 Lomas de Tecamachalco, Naucalpan de Juarez, MEX 52780",charger
City Express Tepotzotlan,"Autopista Mexico-Queretaro, Km. 42.5 S/N Barrio Texcacoa, Cedros, Tepotzotlan, MEX 54600",charger
Club de Golf Bellavista,"Av Valle Verde 52 Club de Golf Bellavista, Ciudad Lopez Mateos, MEX 52995",charger
Cosmopol,"San Francisco Coacalco Bosques del Valle, Coacalco de Berriozabal, MEX 55700",charger
Courtyard by Marriott Toluca Airport,"Blvd. Miguel Aleman 177 Reforma, San Nicolas Tolentino Otzacatipan, Toluca, MEX 50200",charger
Courtyard by Marriott Toluca Tollocan,"Calle Paseo Matlatzincas 834 Barrio de Zopilocalco Sur, Toluca, MEX 50120",charger
El Santuario - Valle de Bravo,"Carretera a Colorines Km. 4.5 San Gaspar del Lago, Valle de Bravo, MEX 51200",charger
Espacio Esmeralda,"Vφa Dr. Jorge JimΘnez Cant· s/n Bosque Esmeralda, Cd Lopez Mateos, MEX 52930",charger
Espacio Interlomas,"Avenida Jesus del Monte 37 Jesus del Monte, Huixquilucan, MEX 52764",charger
Fiesta Inn Cuautitlan,"Av. Chalma Esq. Autopista Mexico-Queretaro Lote 8 Jardines de la Hacienda Norte, Cuautitlan Izcalli, MEX 54700",charger
Fiesta Inn Ecatepec,"Av. 1ro. de Mayo s/n Conjunto Urbano Las Americas, Ecatepec de Morelos, MEX 55076",charger
Fiesta Inn Naucalpan,"Periferico Norte, s/n Alce Blanco, Naucalpan de Juarez, MEX 53370",charger
Fiesta Inn Perinorte,"Carretera Mexico-Queretaro Km. 32.5 esq. Ferrocarrilera Lecheria, Tultitlan, MEX 54900",charger
"Fiesta Inn Tlalnepantla, Ciudad de Mexico","Av. Sor Juana Ines de La Cruz 22 Centro, Tlalnepantla, MEX 54000",charger
Fiesta Inn Toluca Centro,"Calle Ignacio Allende Sur #124 Centro, Toluca, MEX 50000",charger
Fiesta Inn Toluca Tollocan,"Paseo Tollocan Oriente 1132 Col. Santa Ana Tlapaltitl├ín, Toluca, MEX 50160",charger
Fly Across,"Aeropuerto Internacional de Toluca Calle 6 Lt 53, San Pedro Totoltepec, Toluca, MEX 50200",charger
Gran Terraza Lomas Verdes,"Colina de la Paz #25 Fracc. Bulevares, Boulevares, Naucalpan de Ju├írez, MEX 53120",charger
Hotel La Muralla,"Calle Uruapan 62 La Michoacana, Metepec, MEX 52166",charger
Mision Grand Valle de Bravo,"Av. Fontana Brava S/N Avandaro, Valle de Bravo, MEX 51200",charger
One Toluca Aeropuerto,"Boulevard Miguel Alem├ín Manzana 1 San Pedro Totoltepec,, Toluca de Lerdo, MEX 50200",charger
PITS - Valle de Bravo I,"Carr. Valle de Bravo - Toluca Km 11, Almoloya de Juarez Centro, MEX 50900",charger
Plaza Tlalne Fashion Mall,"Avenida Sor Juana Ines de La Cruz 280 San Lorenzo Industrial, San Lorenzo, Tlalnepantla, MEX 54033",charger
The Italian Coffee Company,"Autopista Mexico-Puebla Km. 38 + 200 Col. Basana Canutillo, Ixtapaluca, MEX 56643",charger
TK Terraza Grill,"Calle Fuente de Trevi 4 Lomas de Tecamachalco, Naucalpan de Juarez, MEX 53900",charger
Walmart Alfredo del Mazo,"Blvd Alfredo del Mazo 503 Jardines de Tlacopa, Toluca de Lerdo, MEX 50071",charger
Walmart Jesus Del Monte,"Interlomas 5 Bosque de las Palmas, Huixquilucan de Degollado, MEX 52779",charger
Walmart Satelite,"Cto Centro Comercial 19 Cd. Satelite, Naucalpan de Juarez, MEX 53100",charger
Walmart Nino Obrero,"Av. Nino Obrero 1551 Cd del Sol, Zapopan, Guadalajara 45050",charger
Aloft Celaya,"Eje Nor-Oriente Luis Donaldo Colosio Numero 177 Predio Rustico Santa Rosalia, Celaya, GUA 38080",charger
El Palacio del Tiempo - Corralejo,"Km., Irapuato 40 Luis Donaldo Colosio Murrieta, Santa Ana Pacueco, GUA 36660",charger
Fiesta Inn Celaya,"Carr. Panamericana Km. 5 S/N Quinta Bugambilias, Celaya, GUA 38060",charger
Fiesta Inn Leon,"Boulevard Adolfo Lopez Mateos Oriente 2702 Jardines de Jerez, El Desagae, GUA 37530",charger
Fiesta Inn Loft Irapuato,"Paseo del Atardecer 152 Villas de Irapuato, Irapuato, GUA 36670",charger
G100 Guanajuato,"Plaza Gto Puerto Interior De La Paz 102, Lopez Mateos, Silao, GUA 36275",charger
Hacienda Corralejo,"Ex Hacienda Corralejo SN Estacion Corralejo, Penjamo, GUA 36921",charger
Hampton Inn & Suites by Hilton Salamanca Bajio,"km 100 + 500, Mexico 45 San Vicente de flores, Salamanca, GUA 36875",charger
Hampton Inn by Hilton Leon,"Boulevard Adolfo Lopez Mateos 1717 Colonia Los Gavilanes, Leon, GUA 37270",charger
Hampton Inn Irapuato,"Boulevard Lazaro Cardenas 4210 Residencial Campestre, Irapuato, GUA 36698",charger
Hotel Mision Comanjilla,"Congregacion Comanjilla Rancho Agua Caliente, Silao, GUA 36270",charger
Hotel One Celaya,"Carretera Km. 5 s/n Panamericana, Celaya, GUA 38060",charger
MAC Celaya,"Ave. Ferrocarril Central 709 Los Laureles, Celaya, GUA 38020",charger
Mision Grand Casa Colorada,"Cerro de San Miguel 13 Lomas de Pozuelos, Guanajuato, GUA 3600",charger
One Irapuato,"Paseo de la Altiplanicie no. 11 Fracc.Villas de Irapuato, Irapuato, GUA 36670",charger
Plaza Cibeles,"Av Mariano J. Garcia 1443 Quinta las Villas, Irapuato, GUA 36643",charger
Plaza La Luciernaga,"Boulevard Jose Manuel Zavala Z. 165 La Luciernaga, San Miguel de Allende, GUA 37745",charger
Rosewood San Miguel de Allende Mexico,"Calle Nemesio Diez #11 Zona Centro, San Miguel de Allende, GUA 37700",charger
"Supermercados Internacionales HEB, S.A. de C.V. Leon","Blvd. Cerro Gordo del Campestre #401 Col. Lomas del Campestre, Leon, GUA 37150",charger
Torre Nebra,"Av Cerro Gordo 414 Centro Comercial, Leon, GUA 37120",charger
100% Natural - Diamante,"Boulevard de las Naciones 1 Granjas del Marques, Acapulco, GRO 39890",charger
Banyan Tree Acapulco,"Boulevard Cabo Marques Lte. 1 Punta Diamante, Acapulco, GRO 39907",charger
Encanto Acapulco,"Jacques Cousteau No 51 Col Brisas del Marques, Acapulco, GRO 39390",charger
Fiesta Americana Acapulco,"Avenida Costera Miguel Aleman 97 Fracc. Club Deportivo, Acapulco, GRO 39690",charger
Galerias Diana,"Av Costera Miguel Alem├ín 1926, Magallanes, Acapulco, GRO 39670",charger
Hotel One Acapulco,"Av. Costera Miguel Aleman 16 Costa Azul, Acapulco, GRO 39850",charger
Las Brisas Acapulco,"Escenica 5255 Fracc Marina Brisas, Pichilingue, Acapulco, GRO 39867",charger
Pierre Mundo Imperial,"Costera de las Palmas Granjas del Marques, Acapulco, GRO 39890",charger
Princess Mundo Imperial,"Costera de las Palmas Granjas del Marquez, Acapulco, GRO 39890",charger
"Estacion 012918 ""LMOL""","Mexico-pachuca Carretera Federal Km 62+320 Barrio de Santo Tomas, Tolcayuca, HID 43860",charger
Fiesta Inn Pachuca Gran Patio,"Blvd Luis Donaldo Colosio 2009 Los Jales, Pachuca, HID 42064",charger
Gamma Pachuca,"Carretera Mexico Pachuca km. 85.5 Venta Prieta, Pachuca, HID 42080",charger
Los Cochinitos Pachuca,"Carr. Federal Pachuca - Mexico km 52, Pachuca, HID 76837",charger
Hotel Lindo Ajijic,"17A Ángel Flores 17A, Las Salvias, Ajijic, Jalisco 45920",charger
Aeropuerto Guadalajara,"Carr. Guadalajara Chapala Km 17.5, Guadalajara, JAL 45659",charger
Aerotron Guadalajara,"Hangar 1 Aeropuerto Internacional, Miguel Hidalgo, JAL 45659",charger
Aerotron Vallarta,"Hangar Aeropuerto Puerto Vallarta 1 Villa Las Flores,, Puerto Vallarta, JAL 48335",charger
Cafe Barbera Providencia,"Av. Providencia 2848 Providencia 4a. Seccion, Providencia 4a. Secc, Guadalajara, JAL 44639",charger
Campestre los Encinos,"Carretera Tapalpa a Guadalajara Km 2.5, Tapalpa, JAL 49340",charger
Centro Comercial Plaza del Sol,"Av Lopez Mateos Sur 2375 Ciudad del Sol, Zapopan, JAL 45050",charger
City Express Plus Guadalajara Expo,"Avenida Mariano Otero 1390 Rinconada del Sol, Guadalajara, JAL 45055",charger
Club Privado San Javier,"Paseo de Las Penas 3500 Colinas de San Javier, Guadalajara, JAL 44460",charger
Cortijo Las Ca├▒adas,"San Isidro Sur S/N Las Ca├▒adas, Zapopan, JAL 45206",charger
El Fogon del Pibe,"Av Adolfo Lopez Mateos Sur 4545 Boyero, Zapopa, JAL 45070",charger
Eleganzza Auto Spa,"Diagonal Golfo de Cortes 2875 Vallarta Nte, Guadalajara, JAL 44690",charger
Expo Guadalajara,"Av. Mariano Otero 1499 Verde Valle, Guadalajara, JAL 44550",charger
Fiesta Americana Guadalajara,"Av. Aurelio Aceves No. 225 Vallarta Poniente, Guadalajara, JAL 44110",charger
Fiesta Americana Puerto Vallarta All Inclusive & Spa,"Av. Francisco Medina Ascencio Km. 2.5 Zona Hotelera,, Puerto Vallarta, JAL 48333",charger
Fiesta Inn Guadalajara Expo,"Avenida Mariano Otero 1550 Col. Rinconada del Sol, Guadalajara, JAL 45055",charger
Gran Terraza Belenes,"Av. Laureles 1300 Parque Industrial Belenes,, Zapopan, JAL 45138",charger
Grand Fiesta Americana Guadalajara Country Club,"Avenida de las Americas 1551 Providencia, Guadalajara, JAL 44630",charger
Hacienda del Lago Boutique Hotel & Restaurant,"Independencia 63 Centro,, Ajijic, JAL 45920",charger
Holiday Inn Express Guadalajara Expo,"Av Mariano Otero 2397 Victoria, Guadalajara, JAL 45089",charger
Hotel Baruk Guadalajara,"Calzada Lazaro Cardenas 3447 Chapalita, Guadalajara, JAL 44500",charger
Icon Tower 23,"Av. Empresarios 255 Puerta de Hierro, Zapopan, JAL 45116",charger
Illy Cafe,"Av. Providencia 2969b Providencia 4a. Secc, Guadalajara, JAL 44630",charger
La Gourmeteria,"Av. Lopez Mateos 1710 Col. Santa Isabel, Tlajomulco de Zuniga, JAL 45645",charger
Landmark Guadalajara,"Av. Patria 188 Puerta de Hierro, Zapopan, JAL 45116",charger
Patio La Cima,"Av. Juan Gil Preciado 1544 Arcos de Zapopan, Zapopan, JAL 45130",charger
Punto Patrimonio,"Av Pablo Neruda 2842-B Providencia 4a. Secc, Guadalajara, JAL 44639",charger
Punto Sao Paolo,"Av. de las Americas 1545 Providencia, Guadalajara, JAL 44630",charger
Quinta del Bosque,"Vicente Guerrero 100 La Prepa, Mazamitla, JAL 49500",charger
Sal de Mar,"Calle Jose Maria Morelos 1360 Americana, Guadalajara, JAL 44160",charger
Serviplaza Circunvalacion,"Av. Cvln. Division del Nte., Esq. Av de los Normalistas Colinas de La Normal, Guadalajara, JAL 44270",charger
The Westin Resort & Spa Puerto Vallarta,"Paseo de La Marina Sur 205 Marina Vallarta, Puerto Vallarta, JAL 48354",charger
Torre MIL,"Av. de las Americas 1500 Country Club, Guadalajara, JAL 44610",charger
Torre MIl500,"Av. de las Americas 1500 Country Club, Guadalajara, JAL 44610",charger
Urban Center Guadalajara,"Av. Adolfo Lopez Mateos Sur 7000 La Rioja, Los Gavilanes, Tlajomulco de Zuniga, JAL 45643",charger
V├¡a Libertad,"Calle Colonias 221 Americana, Guadalajara, JAL 44160",charger
Walmart Vallarta,"Av. Vallarta 5455 Camichines Vallarta, Zapopan, JAL 45030",charger
Westin Gualajara,"2911 Avenida de Las Rosas Rinconada del Bosque, Guadalajara, JAL 44530",charger
WTC Guadalajara,"Avenida Mariano Otero 1249 Rinconada del Bosque, Verde Valle, Guadalajara, JAL 44530",charger
Park Royal Beach Acapulco,"110 Costera Guitarrón, Acapulco de Juárez, Guerrero 39880",charger
El Cielo Resort Valle de Guadalupe,"117 El Porvenir, Francisco Zarco, Baja California 22755",charger
Querétaro Centro de Congresos,"1531 Paseo de las Artes, Santiago de Querétaro, Querétaro 76090",charger
Auditorio General José María Arteaga,"95 Prol. Bernardo Quintana, Santiago de Querétaro, Querétaro 76140",charger
Universidad Aeronáutica en Querétaro,"22154 Carr. Querétaro-Tequisquiapan, Santiago de Querétaro, Querétaro 76278",charger
Parque Querétaro 2000,"17 Avenida Universidad, Santiago de Querétaro, Querétaro 76000",charger
"Centenaria Y Benemérita Escuela Normal del Estado De Querétaro ""Andrés Balvanera""","76090 San Mateo, Santiago de Querétaro, Querétaro",charger
Auditorio Josefa Ortiz de Domínguez,"S/N Sierra de Zimapán, Santiago de Querétaro, Querétaro 76000",charger
Altozano Morelia,"Avenida Montana Monarca 1000 Montana Monarca, Morelia, MIC 58350",charger
Escala Morelia,"Perif. Paseo de la Republica 5030 Jardines del Rincon, Morelia, MIC 58270",charger
Espacio Morelia,"Av.Lic.Enrique Ram├¡rez Miguel S/N Col.Las Americas, Morelia, MIC 58270",charger
Holiday inn Morelia,"Periferico Paseo DE LA Republica, Perif. Paseo de la Republica 3466 Terrazas del Campestre, Morelia, MIC 58295",charger
Hotel Gamma Belo Morelia,"Av. Camelinas 2938 Cinco de Diciembre, Morelia, MIC 58280",charger
100% Natural - Cuernavaca,"Diana 14 Delicias, Cuernavaca, MOR 62330",charger
"Anticavilla Restaurant, Hotel & SPA","Rio Amacuzac # 10, esquina Chilpancingo Colonia Vista Hermosa, Cuernavaca, MOR 62290",charger
Averanda Cuernavaca,"Cuernavaca - Ciudad de Mexico Villas del Lago, Cuernavaca, MOR 62374",charger
Carlitos Grill and Garden,"Av. Domingo Diez 711 Lomas de la Selva, Cuernavaca, MOR 62250",charger
Centro Comercial Lomas de Cocoyoc,"Boulevard Lomas de Cocoyoc No 1 Bis Lomas de Cocoyoc, Oaxtepec, MOR 62847",charger
Centro Novatec,"Lomas de Cocoyoc Atlatlahucan, Morelos, MEX 62738",charger
Club Campestre Lomas de Cocoyoc,"Club Campestre Cocoyoc Col Tizapan, San Angel, Atlatlahuacan, MOR 62840",charger
Fiesta Americana Hacienda San Antonio El Puente,"Reforma 2 Fracc. Real del Puente, Xochitepec, MOR 62790",charger
Fiesta Inn Cuernavaca,"Carretera Mexico - Acapulco Km. 88 S/N Delicias, Cuernavaca, MOR 62330",charger
Hosteria las Quintas,"Av. Gustavo Diaz Ordaz, 9 Colonia Cantarranas, Cuernavaca, MOR 62448",charger
Hotel Hacienda Cocoyoc,"Carretera Federal Cuernavaca- Cuautla Km 32.5 Cocoyoc Centro, Yautepec, MOR 62736",charger
Hotel Villa Bejar Cuernavaca,"Av. Domingo Diez 2350 Chamilpa, Cuernavaca, MOR 62210",charger
Hotel Villa Bejar Tequesquitengo,"Blvr Tequesquitengo esq Lomas Tropicales, Tequesquitengo, MOR 62915",charger
Jardines de Mexico,"Km 129 Carretera Mexico-Acapulco 95D Jojutla, Jojutla, MOR 62908",charger
Los Cochinitos Cuernavaca,"Carretera Mexico-Acapulco Km. 88,400 Delicias, Cuernavaca, MOR 62330",charger
Fiesta Inn Tepic,"Blvd. Luis Donaldo Colosio 580 Benito Juarez Ote., Subcentro Urbano, Tepic, NAY 63175",charger
Four Seasons Resort Punta Mita,"Punta Mita Bahia de Banderas, Punta Mita, NAY 63734",charger
St. Regis Punta Mita,"The St. Regis Punta Mita Resort Lote H4 Condominio Maestro Ramal, Carretera Federal 200 KM 19.5, Punta Mita, NAY 63734",charger
7Eleven LEED,"Av. Eugenio Garza Sada Sur 2620 Tecnologico, Monterrey, NLE 64700",charger
Avanta Gardens Monterrey,"Avenida Jose Vasconselos 755 Pte Los Sabinos, Monterrey, NLE 66226",charger
Best Western Aeropuerto,"Boulevard Aeropuerto 5001 Parque Industrial Milenio, Apodaca, NLE 66600",charger
Best Western Bazarell Inn,"Ave. Capitan Alonso de Le├│n Km 206 Col. Gil de Leyva, Montemorelos, NLE 67500",charger
Best Western Plus Monterrey Airport,"Carretera Miquel Aleman Km 18.5, Monterrey, NLE 66600",charger
Cafe Sierra Norte,"Carretera Nacional #1601 Norte San Javier, Centro de Allende, Cd de Allende, NLE 67350",charger
Calzad401 Monterrey,"Calzada 401 Ote. Colonia Del Valle, San Pedro Garza Garcia, NLE 66220",charger
Chroma Monterrey,"Av. Ricardo Margain Zozaya 315 Zona Santa Engracia, San Pedro Garza Garc├¡a, NLE 66267",charger
City Express Plus Monterrey San Jeronimo,"San Jeronimo 311 San Jeronimo, Monterrey, NLE 64640",charger
Club de Industriales,"Av. Parte Aguas 698 Los Arcangeles, Zona Loma Larga Poniente, San Pedro Garza Garci¡a, NLE 66266",charger
Club Sonoma,"Camino al Mirador 5800 Fraccionamiento Club Sonoma Residencial, Monterrey, NLE 64925",charger
Fiesta Americana Monterrey Pabellon,"Avenida Presidente Benito Juarez Oriente 1102 Centro, Monterrey, NLE 64000",charger
Fiesta Inn Monterrey Fundidora,"Av. Churubusco #701, Esq. Prolongacio Av. Madero Col. Fierro, Monterrey, NLE 64590",charger
Fiesta Inn Monterrey La Fe,"Avenida Miguel Aleman km 105 La Fe, San Nicolas de los Garza, NLE 66486",charger
Fiesta Inn Monterrey Tecnologico,"Av. Eugenio Garza Sada 2411 Roma, Monterrey, NLE 64700",charger
Fiesta Inn Monterrey Valle,"Av. Lazaro Cardenas 327 Ote., Valle Oriente,, San Pedro Garza Garcia, NLE 66269",charger
Galerias Valle Oriente,"Av Lazaro Cardenas 1000 Paseo de Las Privanzas, Monterrey, NLE 64700",charger
Innovasport HQ,"Av. Humberto Lobo 540 Colonia del Valle, San Pedro, Garza Garcia,, NLE 66220",charger
Innovasport San Pedro Plus,"Av. Humberto Lobo 540 Colonia del Valle, San Pedro Garza Garcia, NLE 66220",charger
La Capital,"Calle Washington 1400 Centro, Monterrey, NLE 64000",charger
Las Misiones Club Campestre,"Antiguio Camino a Villa de Santiago No.300 El Cerrito, Las Misiones, Santiago, NLE 67301",charger
Latitud,"Av L├ízaro C├írdenas 2225 Valle Oriente, Monterrey, NLE 66260",charger
Live Aqua Monterrey Valle,"Av Lazaro Cardenas 2424 Valle Oriente, San Pedro Garza Garcia, NLE 66260",charger
Metropolitan Center,"Lazaro Cardenas 2400 Haciendas de La Sierra, Lazaro Cardenas, Monterrey, NLE 66278",charger
Movic Records,"Av. Humberto Lobo 2000 Col. Del Valle, Monterrey, NLE 66220",charger
Nuevo Sur,"Avenida Revolucion 2703 Ladrillera, Monterrey, NLE 64830",charger
One Monterrey Aeropuerto,"Blvd. Aeropuerto 10 Parque industrial Milenio, Cd Apodaca, NLE 66600",charger
Pabellon M,"Av. Constitucion S/N Centro, Monterrey, NLE 64000",charger
Paseo Almenares,"Av Sendero Divisorio Anahuac Sendero, San Nicolas de los Garza, NLE 66417",charger
Plaza 100,"Ave. Manuel Gomez Morin 100 Carrizalejo, San Pedro Garza Garcia, NLE 66245",charger
Plaza Cumbres,"Calle Alejandro de Rodas Bosques de Las Cumbres, Monterrey, NLE 64619",charger
Plaza El Encino,"Paseo de las Americas #2101 Contry Sol 2do Sector, Guadalupe, NLE 67174",charger
Plaza Fiesta San Agustin,"Av. Real San Augustin # 222 Colonia Real de San Agustin, San Pedro Garza Garcia, NLE 66260",charger
Plaza Nativa,"Avenida Alfonso Reyes 901 Zona Valle Poniente, San Pedro Garza Garcia, NLE 66233",charger
Plaza O2,"Avenida Jose Vasconcelos 150 Del Valle, San Pedro Garza Garcia, NLE 66220",charger
Plaza Tanarah,"Av. Jose Vasconcelos 345 Santa Engracia, San Pedro Garza Garc├¡a, NLE 66267",charger
Plaza XO,"Rio Mississippi 119 Del Valle, San Pedro Garza Garcia, NLE 66220",charger
Pueblo Serena,"Carretera Nacional 500 Valle Alto, Monterrey, NLE 64989",charger
Pueblo Serena II,"Carretera Nacional 500 Valle Alto, Monterrey, NLE 64989",charger
Sheraton Ambassador Monterrey,"Miguel Hidalgo 310 Ote Centro, Monterrey, NLE 64000",charger
"Supermercados Internacionales HEB, S.A. de C.V.","Gomez Morin #300 Col. Valle Campestre, San Pedro Garza Garcia, NLE 66278",charger
Taller Veganico / Pan Benell / Autocity,"Plutarco Elias Calles 419 Barrio Tampiquito, T, San Pedro Garza Garcia, NLE 66240",charger
Torre BH,"Blvd. Antonio L. Rodriguez 2100 Santa Maria, Monterrey, NLE 64650",charger
Walmart las Torres,"Avenida Eugenio Garza Sada 6101 Las Brisas, Monterrey, NLE 64780",charger
Fiesta Inn Oaxaca,"Av. Universidad 140 Ex-Hacienda de Candiani, Oaxaca, OAX 68130",charger
Hotel Mision Oaxaca San Felipe,"Av. Jalisco 15 San Felipe Del Agua,, Oaxaca, OAX 68020",charger
Africam Safari,"Blvd. Cap. Carlos Camacho Espφritu Km 16.5 Oasis, Puebla, PUE 72960",charger
Africam Safari II,"Boulevard Capitan Carlos Camacho Espiritu Km 16.5 Oasis, Puebla, PUE 72960",charger
Casona Maria Puebla,"Calle 3 Oriente 1414 Barrio de Analco, Puebla, PUE 72500",charger
City Express Puebla Angelopolis,"Cto Juan Pablo II 1755 Reserva Territorial Atlixcayotl, La Noria, x, Puebla, PUE 72410",charger
City Express Puebla Autopista,"Guerrero 117 San Juan Cuautlancingo, Sanctorum, San Juan Cuautlancingo, PUE 72730",charger
City Express Puebla Centro,"Calle 10 Nte. 1406 Del Alto, Barrio del Alto,, Puebla, PUE 72000",charger
City Express Suites Puebla Autopista,"Lateral Autopista Mexico Puebla #7533 Moratilla, Puebla, PUE 72110",charger
Courtyard by Marriott Puebla Las Animas,"Av. Manuel Espinosa Yglesias 31 Pte. 3333 Villas de Atlixco, Puebla, PUE 72400",charger
Espacio la Vista,"Atlixcßyotl 3204 Tlaxcalancingo, Puebla, PUE 72810",charger
Fiesta Americana Grand Puebla,"Parque Milenium, Calle Osa Mayor 2507 Reserva Territorial Atlixcayotl, Puebla, PUE 72190",charger
Fiesta Inn Las Animas Puebla,"Atlixco Col. Las Animas, Puebla, PUE 72400",charger
Fiesta Inn Puebla FINSA,"Carretera Lateral Autopista Mexico-Puebla 7735 Rancho Moratilla, Puebla, PUE 72110",charger
Hotel Boutique Casa Reyna,"Privada 2 Oriente 1007 Centro, Puebla, PUE 72000",charger
Hotel One Puebla FINSA,"Lateral Sur Aut. Mexico Puebla No.55 Guadalupe Victoria, Puebla, PUE 72710",charger
Hotel Villa Florida Puebla,"Blvrd Atlixcayotl 1100 Reserva Territorial Atlixcayotl, Puebla, PUE 72810",charger
Komplex Puebla,"BLVD MUNICIPIO LIBRE 1943 COL. EXHDA MAYORAZGO, Puebla, PUE 72480",charger
Los Cochinitos,"Carretera Mexico-Puebla Km. 112-800 San Francisco Ocotlan, San Francisco Ocotlan, PUE 72680",charger
Marriott Puebla Hotel Meson del Angel,"Boulevard Hermanos Serdin 807 Las Fuentes de Puebla, Puebla, PUE 72116",charger
Mision Grand Ex-Hacienda de Chautla,"Camino Ex Hacienda de Chautla San Lucas el Grande, San Salvador el Verde, PUE 74135",charger
Plaza los Arcangeles y Chedraui Selecto,"Lateral sur via Atlixcayotl 6510 San Bernandino, San Andres Cholula, PUE 72820",charger
Plaza Mazarik,"Boulevard Atlixcayotl 1501 Reserva Territorial Atlixcayotl, Puebla, PUE 72810",charger
Plaza Meson 810 y Hotel Staybridge Puebla,"Blvd. Hermanos Serdan 810 Col. El Riego Sur, Puebla, PUE 72020",charger
Plaza Solesta Puebla,"Atlixcayotl 4931 Reserva Territorial Atlixcayotl, Puebla, PUE 72197",charger
Rosewood Puebla,"Calle 10 Nte. 1402 Barrio del Alto, Puebla, PUE 72000",charger
Aires de Campo Queretaro,"Paseo de Jurica No. 340 LB Jurica, Santiago de Queretaro, QUE 76100",charger
Best Western Tequisquiapan,"Heroico Colegio Militar 7, Fundadores de Hacienda Grande Centro, Tequisquiapan, QUE 76750",charger
City Express Jurica,"Av. 5 de Febrero No. 9200-A Col Parque Industrial Benito Juarez, Santiago de Queretaro, QUE 76100",charger
City Express Suites Queretaro,"Av. 5 de Febrero 9852 Las Campanas, Queretaro, QUE 76120",charger
Club de Golf El Campanario,"Av. el Campanario 100 El Campanario, Santiago de Queretaro, QUE 76146",charger
Domun Hotel,"Carretera Federal 57 Mexico-Queretaro #1085 Col. Quintas del Marques, Queretaro, MEX 76047",charger
El Caserio,"Av. Constituyentes 101 Pte Casa Blanca, Santiago de Queretaro, QUE 76030",charger
Esfera Queretaro,"Autopista Queretaro-Celaya Km. 0.600 No. 5501 Col., Jardines de la Hacienda, Quer├⌐taro, QUE 76180",charger
Fiesta Americana Hacienda Galindo,"Carretera Amealco-Galindo Km 5.5 Galindo,, San Juan del Rio, QUE 76820",charger
Fiesta Inn Queretaro,"Av. 5 de Febrero #108 Ninos Heroes, Queretaro, QUE 76010",charger
Fiesta Inn Queretaro Centro Sur,"Boulevard Bernardo Quintana Arroja 7001 Col. Centro Sur, Queretaro, QUE 76090",charger
Four Points by Sheraton Queretaro Norte,"Carretera San Luis Potosi #13001 El Salitre, Queretaro, QUE 76127",charger
Grand Fiesta Americana Queretaro,"Blvd. Bernardo Quintana Arrioja 4050 Col. Alamos 3a Seccion, Queretaro, QUE 76160",charger
Hacienda Jurica by Brisas,"Paseo de Jurica 618 Hacienda Jurica, Jurica, QUE 76100",charger
Hilton Garden Inn Queretaro,"Ignacio Zaragoza 99 Centro, Queretaro, QUE 76180",charger
Holiday Inn Express San Juan Del Rio,"Paseo Central 23 Industrial Valle De Oro, San Juan del Rio, QUE 76803",charger
Homewood Suites Queretaro,"Gasa de incorporacion a Carr. Queretaro -San Luis Potosi 631-C, Jurica, Queretaro, QUE 76100",charger
Hotel Mision Juriquilla Queretaro,"Boulevard Villas del Meson No. 56 Juriquilla, Queretaro, QUE 76230",charger
Hotel Mision La Muralla,"Carretera San Juan del Rio-Amealco km 26 La Muralla, Amealco de Bonfil, QUE 76850",charger
Los Cochinitos Queretaro,"Carretera Mexico-Queretaro km. 152 Puerta de Palmillas, San Juan del Rio, QUE 76837",charger
Mision San Gil,"Carretera Mexico-Queretaro Km. 172 La Estancia, San Juan del Rio, QUE 78821",charger
Paseo Santiago,"Paseo de la Garza 87 Santa Fe, Corregidora, QUE 76900",charger
Plaza Latitud Victoria,"Av Constituyentes 40 zona dos extendida, Mercurio, Queretaro, QUE 76040",charger
Urban Center Jurica,"5 de Febrero Jurica, Queretaro, QUE 76100",charger
Urban Center Juriquilla,"Blvd Jurica La Campana 899 Residencial Caletto, Queretaro, QUE 76230",charger
Andaz Mayakoba Riviera Maya,"Carretera Federal, Carr. Cancun - Tulum Km. 298, Playa del Carmen, ROO 77710",charger
Bacalar Beach Club,"605 Costera Bacalar Sur 605, Bacalar, Quintana Roo 77930",charger
Banyan Tree Mayakoba,"Chetumal-Puerto Juarez Riviera Maya Km 298, Playa del Carmen, ROO 77710",charger
Barrio Latino,"Calle 4 Nte 153 Centro, Playa del Carmen, ROO 77710",charger
Be Tulum Hotel,"Carretera Tulum-Boca Paila Km.10 Zona Hotelera, Tulum, ROO 77780",charger
City Express Playa del Carmen,"Av. Balamkanche Lt 4 Mza 30 Playacar Fase II, Playacar, Playa del Carmen, ROO 77710",charger
Edificio Miranda,"Calle 38 nte, equina calle Flamingos Col. Zazil∩┐╜Ha, Playa del Carmen, ROO 77710",charger
Fiesta Americana Condesa Cancun,"Blvd. Kukulkan km 16.5 Zona Hotelera, Cancun, ROO 77500",charger
Fiesta Americana Villas Cancun,"Blvd. Kukulcan Km. 8.5 Lote 3 Zona Hotelera, Cancun, ROO 77500",charger
Fiesta Inn Playa del Carmen,"10 Avenida Norte 325 Gonzalo Guerrero, Playa del Carmen, ROO 77710",charger
Four Points Cancun,"Avenida Tulum, MZ 1 Lote 2 SM 12, Cancun, ROO 77500",charger
Grand Fiesta Americana Coral Beach Cancun,"Blvd. Kukulkan Km 9.5 Zona Hotelera, Cancun, ROO 77500",charger
Hotel & Suites Arges,"212 Avenida Lázaro Cárdenas 212, Colonia Centro, Chetumal, Quintana Roo 77000",charger
Hotel Nizuc Cancun,"Blvd Kukulkan Mz 59 Lote 1-01 Km 21.26, Nizuc, Cancun, ROO 77500",charger
Hotel One Cancun Centro,"Av. Tulum esq. Banco Chinchorro Mz. 2, Lote 1-01, Supermanzana 13, Cancun, ROO 77504",charger
La roca Cancun,"Blvd Cumbres Mza 109, Sm 310, Campestre Lol-be, Cancun, ROO 77560",charger
Live Aqua Boutique Resort Playa del Carmen,"Calle Quinta Avenida Playa del Carmen, Playa del Carmen, ROO 77710",charger
Live Aqua Cancun,"Blvd. Kukulcan Km.12.5 Zona Hotelera, Cancun, ROO 77500",charger
Los Amigos: Central Park Tulum,"Calle 4 sur mza 20 lote 1 Zona1, Tulum, ROO 77780",charger
Siempre Playa,"Calle 38 norte, esquina con 10 avenida norte Col. Gonzalo Guerrero, Playa del Carmen, ROO 77720",charger
Teatro Cirque du Soleil,"Carretera Federal Cancun - Playa del Carmen Km 48 Solidaridad, Playa del Carmen, ROO 77710",charger
The Explorean Kohunlich,"Carretera Chetumal Escarcega Km. 5.6, Chetumal, ROO 77981",charger
"Vidanta: The Grand Mayan, Quintana Roo","Carretera Federal Cancun - Playa del Carmen Km. 48 Solidaridad, Playa del Carmen, ROO 77710",charger
Westin resort and Spa Cancun,"Blvd. Kukulcan KM 20 Zona Hotelera, Cancun, ROO 77500",charger
City Express San Luis Potosi Zona Industrial,"Carr. Central Mexico -, Blvd. San Luis 2150 Fracc. Industrias, San Luis Potosi, SLP 78399",charger
Conrad San Luis Potosi,"Real de Lomas 1015 Lomas 4ta Secc, San Luis Potosi, SLP 78216",charger
El Dorado Centro Comercial,"Av Nereo Rodri¡guez Barragan 450 Col. del Valle, San Luis Potosi, SLP 78200",charger
Fiesta Inn San Luis Potosi Glorieta Juarez,"Av. Benito Juarez 130 Fracc. Prados Glorieta, San Luis Potosi, SLP 78390",charger
Fiesta Inn San Luis Potosi∩┐╜ Oriente,"Carr. 57 km. 197+100 No. 2390 Periferico Oriente Industrias, San Luis Potosi, SLP 78090",charger
Plaza Chapultepec 1200,"Avenida Chapultepec 1200 Alpes, San Luis Potosi, SLP 78295",charger
Plaza San Luis,"Blvd. Periferico Sur Antonio Rocha Cordero #700 Fraccionamiento Lomas del Tecnologico, San Luis Potosi, SLP 78216",charger
El Cid Castilla Beach,"Avenida Camaron Sabalo Zona Dorada, Mazatlan, SIN 82110",charger
El Cid Marina Beach,"Avenida Camaron Sabalo S/N, Mazatlan, SIN 82110",charger
Fiesta Inn Culiacan,"J. Diego Valadez No. 1676 Pte., Desarrollo Urbano Tres Rios, Culiacan, SIN 80000",charger
Hotel Mision Mazatlan,"Av Camaron Sabalo 1927 Sabalo Country Club, El Encanto, Mazatlan, SIN 82110",charger
La Primavera - Club de Golf,"Desarrollo Urbano La Primavera, Culiacan, SIN 80300",charger
La Primavera - San Anselmo,"Calle San Anselmo Desarrollo Urbano La Primavera, Culiac├ín, SIN 80199",charger
Elba,"Calle 5 de mayo #901 Colonia la loma, Santa Ana, SON 84600",charger
Fiesta Americana Hermosillo,"Boulevard Eusebio Kino 369 Lomas de Pitic, Hermosillo, SON 83010",charger
Fiesta Inn Ciudad Obregon,"Av. Miguel Aleman 755 Zona Norte, Urb. No. 4, Cd Obreg├│n, SON 85000",charger
Fiesta Inn Hermosillo,"Eusebio Francisco Kino 375 Lomas Pitic,, Hermosillo, SON 83010",charger
Fiesta Inn Nogales,"Calz. Industrial Nuevo Nogales 3 Nueva Nogales, Nogales, SON 84094",charger
Hacienda De Los Santos,"Calle Molina 8 Centro, Alamos, SON 85760",charger
Islas del Mar,"KM 6.5 Carretera Entronque Cerro Prieto km 6.5. S/N, Colonia Centro, Puerto Peñasco, Sonora 83550",charger
Sonoran Sun Resort,"Camino a la Cholla KM. 4 S/N Col. Costa Diamante, Puerto Penasco, SON 83550",charger
Fiesta Inn Villahermosa Cencali,"Benito Juarez Garcia 105 Loma Linda, Villahermosa, TAB 86050",charger
City Express Nuevo Laredo,"Avenida Cesar Lopez de Lara 3940 Militar II, Nuevo Laredo, Tamaulipas 88289",charger
Fiesta Inn Nuevo Laredo,"Av. Reforma No.5102 Lagos, Nuevo Laredo, Tamaulipas 88290",charger
Fiesta Inn Tampico,"Av Hidalgo 6106 Laguna de la Herradura, Tampico, Tamaulipas 89219",charger
Hotel One Reynosa Valle Alto,"Av. de los Encinos No. 1000 Lomas del Real de Jaranchinas, Reynosa, Tamaulipas 88730",charger
Val Quirico,"Carretera Xoxtla Km 2 No. 101 Santa Isabel Tetlatlauhca, Nativitas, TLA 90710",charger
City Express Minatitlan,"Blvd. Instituto Tecnologico Km 711 Lt 39 Mza 28 Col. Nueva Minatitlan, Minatitlan, VER 96760",charger
Double Tree Hilton Veracruz,"Blvd. Manuel ├üvila Camacho 707 Costa Verde, Veracruz, VER 91900",charger
Estacionamiento Yamel,"Calle 1 16 Centro, Cordoba, VER 94500",charger
Fiesta Americana Veracruz,"Prol. Blvd. Manuel Avila Camacho S/N Col. Fraccionamiento Costa de Oro, Boca del Rio, VER 94299",charger
Fiesta inn Coatzacoalcos,"Boulevard Costero No. 801 Santa Isabel, Celanese Mexicana, Coatzacoalcos, VER 96538",charger
Fiesta Inn Poza Rica,"Av. Ej. Mexicano 103 Palma Sola, Poza Rica, VER 93320",charger
Fiesta Inn Veracruz Boca del Rio,"Prol. Manuel Avila Camacho S/N Fracc. Costa de Oro, Boca del Rio, VER 94299",charger
Fiesta Inn Veracruz Malec├│n,"General Figueroa 68 Faros, Veracruz, VER 91700",charger
Fiesta Inn Xalapa,"Carretera Xalapa - Veracruz km 2.5 Fracc. Las Animas, Xalapa Enriquez, VER 91190",charger
Gamma Fiesta Americana Xalapa Nubara,"Av. Ruiz Cortines 912 Col. Unidad Del Bosque, Xalapa, VER 91010",charger
Hotel Galeria Plaza Veracruz,"Blvd. Adolfo Ruiz Cortines #3495 Mocambo, Boca del Rio, VER 94294",charger
Hotel Mision Orizaba,"Oriente 6 No. 464 Centro, Orizaba, VER 94300",charger
Mision Xalapa Plaza de las Convenciones,"Avenida 20 de Noviembre Oriente 455 Modelo, Xalapa Enriquez, VER 91040",charger
One Xalapa,"Blvd. Cristobal Colon 26 Fracc. Las Animas, Xalapa Enriquez, VER 91190",charger
Plaza El Dorado,"Carr. Federal Paso del Toro - Boca del Rio -Anton Lizardo 4405 El Novillero, Boca del Rio, VER 94290",charger
Plaza Valle Orizaba,"Circunvalacion 1430 El Espinal, Orizaba, VER 94330",charger
Country Hotel & Suites,"184 Calle 42 Núm 184 entre 33 y 35, Colonia Centro, Valladolid, Yucatán 97780",charger
Ceiba de la Xtabay,"Calle 33 DiagonalNo. 224 INT. B X 33 Y 35 Colonia Poligono108 Itzimna, Merida, YUC 97143",charger
Chable Resort & Spa,"San Antonio Chable, Chochola, YUC 97816",charger
El Castellano Gamma Merida Centro Historico,"Calle 57 #513, 62 y 64 Centro, Merida, YUC 97000",charger
Fiesta Americana Merida,"Paseo Montejo No. 451 Centro, Merida, YUC 97000",charger
Hacienda Teya,"Carretera Merida Peto suarez km 12.5 Hacienda Teya, Merida, YUC 97370",charger
Hotel Mision Merida Panamericana,"Calle 59 455 x 52 y 54, Centro, Merida, YUC 97000",charger
Plaza Altabrisa,"Calle 7 452 Por 20 y 22 Frac. Altabrisa, Merida, Yucatán 97130",charger
The Harbor Merida,"Ricardo el Vate Lopez Mendez 61 Zona Industrial, Merida, YUC 97180",charger
Urban Center Merida,"Avenida Camara de Comercio 174 Monterreal, M├⌐rida, YUC 97133",charger
Fiesta Inn Zacatecas,"Calzada Heroes de Chapultepec km 13 + 200 La Escondida, Zacatecas, Zacatecas 98160",charger
Hotel Baruk Teleferico,"Paseo Diaz Ordaz 602 Zacatecas Centro, Zacatecas, Zacatecas 98000",charger
Mision Zacatecas,"Av. Hidalgo 407 Zacatecas Centro, Zacatecas, Zacatecas 98000",charger
Spa Hacienda Baruk,"Blvd. Heroes de Chapultepec 801 La Escondida, Zacatecas, Zacatecas 98054",charger
"Aguascalientes, AGS","Km. 11 Carr. Panamericana, Aguascalientes, Aguascalientes 20349",super_charger
"Ensenada, BCS","Km.103 #3421 Zona Playitas, Ensenada, Baja California 22860",super_charger
"Chihuahua, CH","5915 Perif. de la Juventud, Chihuahua, Chihuahua 31216",super_charger
"Ramos Arizpe, Coah","Carr. Monterrey - Saltillo 25000-b, Ramos Arizpe, Coahuila 25900",super_charger
"Santa Fe, CDMX","200 Avenida Vasco de Quiroga, Alvaro Obregón, Ciudad de México 45620",super_charger
"Cuencame, DGO","Autopista Torreón – Yerbaniz Km. 144 975, Cuencame, Durango 35834",super_charger
"Atizapan de Zaragoza, EM","255 Av. Adolfo Ruiz Cortines, Ciudad López Mateos, Estado de Mexico 52977",super_charger
"Temascalcingo, MEX","km. 118 Temascalcingo de José María Velasco, Temascalcingo de José María Velasco, Estado de México 50400",super_charger
"San Luis de la Paz, GTO","km 87.740 México 57, San Luis de la Paz, Guanajuato 37900",super_charger
"Silao, GUA","105 GTO Puerto Interior, De La Paz, Silao, Guanajuato 36275",super_charger
"Chilpancingo de los Bravo, GRO","130 René Juárez Cisneros, Chilpancingo, Guerrero 39010",super_charger
"Tepatitlan, JAL.","325 Av. S.S. Juan Pablo II, Tepatitlán de Morelos, Jalisco 47670",super_charger
"Zapopan, JAL","4965 Blvrd Puerta de Hierro, Zapopan, Jalisco 45116",super_charger
"Acapulco, GRO","Blvd de las Naciones 52 Granjas del Marqués, Acapulco, Guerrero 39890",super_charger
"Compostela, NYR","63718 Puerto Vallarta - Tepic, Compostela, Nayarit 63700",super_charger
"Durango, DG","#2019 Blvd Francisco, Villa Predio Tayafe, Durango, Durango 34220",super_charger
"Mazatlan, SIN","KM 25 Libramiento Mazatlán, Villa Unión, Sinaloa 82210",super_charger
"Mérida, YUC","185 Av. Andrés García Lavín, Merida, Yucatán 97117",super_charger
"Mexico City South, CDMX","4690 Anillo Perif., Insurgentes Cuicuilco, Mexico City, Federal District 04500",super_charger
"Puerto Vallarta, JAL","2485 Av Francisco Ascencio, Puerto Vallarta, Jalisco 48333",super_charger
"Valle de Bravo, Mex","6 Avenida Fontanas No. 6, Avandaro, Mexico State 51200",super_charger
"Villa Ahumada, CH","713 Av. Miguel Ahumada s/n,, Villa Ahumada, Chihuahua 32800",super_charger
"Morelia, Mich.","No. 303 Ave. Francisco J Mujica No. 303,, Morelia - Acambaro, Michoacan 58920",super_charger
"Cuernavaca, MOR","Km. 87.5 Tulipán Hawaiano, Cuernavaca, Morelos 62370",super_charger
"San Pedro Garza Garcia, NL","555 Río Missouri, San Pedro Garza García, Nuevo León 66220",super_charger
"China, NL","Km 98.5 Autopista Cadereyta-Reynosa, China, Nuevo Leon 67050",super_charger
"San Francisco Ocotlán, PUE","Autopista México Puebla Km 115, San Francisco Ocotlán, Puebla 72680",super_charger
"San Juan Del Río, QRO","202 Avenida Carretera Panamericana Poniente, San Juan del Rio, Querétaro 76800",super_charger
"Cancún, QRO","SM 46 Carr. Cancún, Cancun, Querétaro 77560",super_charger
"Matehuala, SLP","57 Tramo Matehuala-Saltillo KM. 11 + 385.49, Matehuala, San Luis Potosi 78746",super_charger
"Villa Hidalgo, SLP","78973 Villa de Hidalgo, San Luis Potosi, Villa Hidalgo, San Luis Potosi 78960",super_charger
"Santa Ana, SON","901 5 de Mayo, La Loma, Santa Ana, Sonora 84600",super_charger
"Valladolid, YUC","KM 152+700 Autopista Mérida-Cancún, Valladolid, Yucatán 97780",super_charger
